,stck_bsop_date,stck_clpr,stck_oprc,stck_hgpr,stck_lwpr,acml_vol,acml_tr_pbmn,flng_cls_code,prtt_rate,mod_yn,prdy_vrss_sign,prdy_vrss,revl_issu_reas
0,20230331,88600,89200,89500,87600,2676327,236686923700,00,0.00,N,5,-200,
1,20230330,88800,89900,90500,87700,4264354,379967206900,05,0.00,N,2,1900,
2,20230329,86900,87400,88700,86500,3070422,267552516300,00,0.00,N,5,-1500,
3,20230328,88400,85300,88700,85200,3180431,277976981700,00,0.00,N,2,2900,
4,20230327,85500,87500,87800,84700,3211190,275196944500,00,0.00,N,5,-1800,
5,20230324,87300,89100,90700,86700,4670908,412119310916,00,0.00,N,5,-1200,
6,20230323,88500,85400,88500,85100,3091673,269658409250,00,0.00,N,2,1600,
7,20230322,86900,85200,87300,83800,2667268,228244628000,00,0.00,N,2,3300,
8,20230321,83600,84100,85100,82900,1880231,157972273100,00,0.00,N,5,-100,
9,20230320,83700,83800,85100,83000,2223378,186420482200,00,0.00,N,5,-300,
10,20230317,84000,81200,84800,81100,6239588,519703504600,00,0.00,N,2,5000,
11,20230316,79000,76700,80200,76700,4804196,379790459748,00,0.00,N,5,-100,
12,20230315,79100,81900,82300,78800,5357314,430419363094,00,0.00,N,5,-2000,
13,20230314,81100,82600,83000,81100,3359381,274475371900,00,0.00,N,5,-3200,
14,20230313,84300,83200,84700,82400,2860341,239400949084,00,0.00,N,2,1000,
15,20230310,83300,83800,84400,83100,3559824,297865253747,00,0.00,N,5,-2300,
16,20230309,85600,87300,87800,85300,3315016,284818757400,00,0.00,N,5,-1200,
17,20230308,86800,87700,87800,86400,2790989,242544472500,00,0.00,N,5,-2100,
18,20230307,88900,89700,90000,88800,1610948,143989253400,00,0.00,N,5,-800,
19,20230306,89700,87900,89800,87500,2374415,211094486100,00,0.00,N,2,2400,
20,20230303,87300,88500,89200,87200,2239958,196557947200,00,0.00,N,5,-800,
21,20230302,88100,89400,90300,87500,2744038,243438501500,00,0.00,N,5,-1300,
22,20230228,89400,91000,91000,88700,2082486,186728994200,00,0.00,N,5,-600,
23,20230227,90000,90100,90300,89100,1893345,169778834100,00,0.00,N,5,-1000,
24,20230224,91000,93500,94000,91000,2496352,230723303704,00,0.00,N,5,-1700,
25,20230223,92700,90000,93700,89600,3659678,336914485600,00,0.00,N,2,3600,
26,20230222,89100,89900,90300,88500,2301835,205245475100,00,0.00,N,5,-2100,
27,20230221,91200,92500,92600,90900,1477419,135024242700,00,0.00,N,5,-1300,
28,20230220,92500,92700,93300,90700,1774617,163772334670,00,0.00,N,2,500,
29,20230217,92000,91400,92700,90900,1691509,155523968551,00,0.00,N,5,-900,
30,20230216,92900,91900,93400,91600,1812496,167987099000,00,0.00,N,2,1200,
31,20230215,91700,93800,94200,91200,1801577,165824028298,00,0.00,N,5,-1700,
32,20230214,93400,91800,93500,91600,2185525,202966243344,00,0.00,N,2,2800,
33,20230213,90600,92000,92000,89900,3159031,286254901000,00,0.00,N,5,-2900,
34,20230210,93500,94300,94700,93100,1971090,185026575400,00,0.00,N,5,-900,
35,20230209,94400,94800,94800,92600,2726568,255614856068,00,0.00,N,5,-500,
36,20230208,94900,91700,95000,91600,3964981,371349774862,00,0.00,N,2,4100,
37,20230207,90800,88800,91200,88800,2166265,195573743700,00,0.00,N,2,1700,
38,20230206,89100,91400,92000,89100,2819903,254020949707,00,0.00,N,5,-3100,
39,20230203,92200,92400,93200,91300,2925123,269612957640,00,0.00,N,5,-1200,
40,20230202,93400,94900,94900,92700,4350607,408022126000,00,0.00,N,2,2000,
41,20230201,91400,91200,91400,88500,3889171,350718422181,00,0.00,N,2,2900,
42,20230131,88500,90800,90800,86800,5185088,458628061505,00,0.00,N,5,-2200,
43,20230130,90700,91300,91600,90000,2603297,235870829400,00,0.00,N,5,-800,
44,20230127,91500,91300,92800,90300,2553811,234318676392,00,0.00,N,5,-800,
45,20230126,92300,90800,92300,90100,2319962,212172234400,00,0.00,N,2,900,
46,20230125,91400,92000,92000,90600,3611901,330045592500,00,0.00,N,2,3800,
47,20230120,87600,86300,87800,86100,2386074,207492408800,00,0.00,N,2,2100,
48,20230119,85500,84000,85800,84000,1674834,142678369200,00,0.00,N,2,400,
49,20230118,85100,86400,86500,84500,1494262,127203930200,00,0.00,N,5,-900,
50,20230117,86000,86400,87200,85700,1586136,136762882075,00,0.00,N,2,200,
51,20230116,85800,86000,86500,84900,1512876,129809226600,00,0.00,N,2,100,
52,20230113,85700,86800,87500,85400,2058890,177934277900,00,0.00,N,5,-1100,
53,20230112,86800,88100,88100,85800,3065582,265514341800,00,0.00,N,5,-500,
54,20230111,87300,87800,88400,86500,3083961,269531771800,00,0.00,N,2,800,
55,20230110,86500,85500,87200,85000,3105311,268141293128,00,0.00,N,2,500,
56,20230109,86000,84900,86000,83500,3948670,336551433700,00,0.00,N,2,2900,
57,20230106,83100,81400,83600,81100,3687430,305364269050,00,0.00,N,2,1700,
58,20230105,81400,83300,83300,80800,3510964,287338025380,00,0.00,N,2,400,
59,20230104,81000,75400,81900,75200,5154609,411463313200,00,0.00,N,2,5400,
60,20230103,75600,75600,76300,73100,2719437,203401949925,00,0.00,N,5,-100,
61,20230102,75700,75100,76700,75000,1376985,104385549300,00,0.00,N,2,700,
62,20221229,75000,75200,75600,74700,1736661,130328025000,00,0.00,N,5,-1000,
63,20221228,76000,76800,77000,75400,1891221,143606781400,02,0.00,N,5,-1000,
64,20221227,77000,77500,77600,76500,1694225,130482411200,00,0.00,N,3,0,
65,20221226,77000,77700,77700,76500,1414717,109027729300,00,0.00,N,5,-800,
66,20221223,77800,77800,78300,77300,1554446,120957863400,00,0.00,N,5,-1400,
67,20221222,79200,78500,79300,77900,2061883,162399818300,00,0.00,N,2,1200,
68,20221221,78000,78500,79200,78000,1513864,118631570500,00,0.00,N,5,-300,
69,20221220,78300,78200,78900,77800,1361926,106598485400,00,0.00,N,5,-700,
70,20221219,79000,78300,80100,78300,1813544,143667793100,00,0.00,N,2,600,
71,20221216,78400,77700,79400,77500,3827227,300436871699,00,0.00,N,5,-1800,
72,20221215,80200,80600,81100,79900,1713617,137744973300,00,0.00,N,5,-1600,
73,20221214,81800,82100,82600,81100,2357491,192626410600,00,0.00,N,5,-500,
74,20221213,82300,81300,82700,80500,2761104,225567255000,00,0.00,N,2,1200,
75,20221212,81100,80100,81300,79500,1242007,100209141200,00,0.00,N,5,-400,
76,20221209,81500,79400,81500,79300,2985508,240904110800,00,0.00,N,2,2700,
77,20221208,78800,78200,79800,78200,3809847,300349172100,00,0.00,N,5,-100,
78,20221207,78900,79900,80700,78700,3589926,284643046300,00,0.00,N,5,-2100,
79,20221206,81000,79900,81100,79800,2781352,223988414410,00,0.00,N,3,0,
80,20221205,81000,81900,82300,80700,3516456,286141303500,00,0.00,N,5,-900,
81,20221202,81900,83900,83900,81800,4594058,379357522580,00,0.00,N,5,-2800,
82,20221201,84700,87300,87300,84600,2878591,247276783100,00,0.00,N,5,-300,
83,20221130,85000,83200,85400,83100,3332708,282110177452,00,0.00,N,2,1300,
84,20221129,83700,82700,83800,82100,1501783,125168335400,00,0.00,N,2,600,
85,20221128,83100,84100,84200,82900,2471506,205831023300,00,0.00,N,5,-2000,
86,20221125,85100,87200,87300,85100,1439011,123372985900,00,0.00,N,5,-1800,
87,20221124,86900,86900,87200,85700,2148255,185804986018,00,0.00,N,2,1700,
88,20221123,85200,86100,86700,84900,1480400,126638514702,00,0.00,N,3,0,
89,20221122,85200,85500,86600,84900,1617131,138259167400,00,0.00,N,5,-1100,
90,20221121,86300,87600,87700,86100,2111523,182763598700,00,0.00,N,5,-2100,
91,20221118,88400,88700,91500,88100,2981192,267105986700,00,0.00,N,2,700,
92,20221117,87700,82400,88500,82000,3703870,323608613600,00,0.00,N,5,-3800,
93,20221116,91500,92000,92400,90300,2609199,238677656700,00,0.00,N,5,-100,
94,20221115,91600,91300,92100,90400,2460465,224722829263,00,0.00,N,2,700,
95,20221114,90900,93900,93900,90900,2483441,227841495800,00,0.00,N,5,-2600,
96,20221111,93500,95200,95300,92500,5002149,468889493882,00,0.00,N,2,4400,
97,20221110,89100,89000,90800,88300,3856811,345585623552,00,0.00,N,5,-100,
98,20221109,89200,88100,89200,86600,2619752,231597454400,00,0.00,N,2,1500,
99,20221108,87700,87600,89000,87400,2799575,246892477700,00,0.00,N,2,1200,
100,20221107,86500,85400,86800,85000,2765284,238246097100,00,0.00,N,2,2000,
101,20221104,84500,82700,84600,81700,3032985,252333968000,00,0.00,N,2,1800,
102,20221103,82700,82600,83500,81900,2901380,240312463400,00,0.00,N,5,-1800,
103,20221102,84500,84200,85500,83600,2536363,215008401184,00,0.00,N,2,600,
104,20221101,83900,82700,83900,81400,3820185,316973841612,00,0.00,N,2,1200,
105,20221031,82700,84300,85400,82400,6271574,524946910700,00,0.00,N,5,-700,
106,20221028,83400,87100,87800,83000,7748514,658733740180,00,0.00,N,5,-6600,
107,20221027,90000,95100,95100,89800,4550273,417479104112,00,0.00,N,5,-3900,
108,20221026,93900,93300,95500,93200,3310322,313156219700,00,0.00,N,2,400,
109,20221025,93500,91900,94800,91000,2656194,248751488800,00,0.00,N,2,1700,
110,20221024,91800,92200,93100,91200,2165991,199715515400,00,0.00,N,2,1300,
111,20221021,90500,89800,91400,89700,2206754,200305713600,00,0.00,N,2,300,
112,20221020,90200,91000,91800,89000,4547678,409443868100,00,0.00,N,5,-2700,
113,20221019,92900,94700,94900,92700,3684934,344615733005,00,0.00,N,5,-2900,
114,20221018,95800,95900,96200,94600,2618680,249330141200,00,0.00,N,2,600,
115,20221017,95200,94600,95300,94000,2134558,202198364600,00,0.00,N,5,-300,
116,20221014,95500,96000,96600,94300,3516437,334828561464,00,0.00,N,2,600,
117,20221013,94900,93400,94900,92800,4390570,413619747582,00,0.00,N,2,900,
118,20221012,94000,91000,94000,90900,4648231,430456023300,00,0.00,N,2,3800,
119,20221011,90200,89700,91200,88000,3840842,344912165400,00,0.00,N,5,-1000,
120,20221007,91200,89600,91800,87800,3100583,280262013777,00,0.00,N,2,1300,
121,20221006,89900,90900,92000,89800,3039698,275694996677,00,0.00,N,2,100,
122,20221005,89800,90000,90400,88100,5927256,529349727543,00,0.00,N,2,3600,
123,20221004,86200,85200,87200,85200,4277404,369025972586,00,0.00,N,2,3100,
124,20220930,83100,80900,83900,80400,4711130,389466671870,00,0.00,N,2,2300,
125,20220929,80800,82500,82900,80500,2064798,168860306500,05,0.00,N,5,-400,
126,20220928,81200,81900,83500,80500,3068181,250759550200,00,0.00,N,5,-800,
127,20220927,82000,82200,82700,80700,2606333,212481807800,00,0.00,N,5,-500,
128,20220926,82500,81500,83200,81500,3281145,270406192400,00,0.00,N,5,-1000,
129,20220923,83500,85500,86600,83300,3932242,331082832100,00,0.00,N,5,-2500,
130,20220922,86000,86300,86900,85900,2204430,190097055600,00,0.00,N,5,-2000,
131,20220921,88000,87500,88500,86300,2954420,258367974050,00,0.00,N,3,0,
132,20220920,88000,89000,90600,87500,4259789,377081451100,00,0.00,N,5,-2000,
133,20220919,90000,90800,91500,90000,2078633,187933896900,00,0.00,N,5,-1200,
134,20220916,91200,90900,91400,90000,2243179,202932180200,00,0.00,N,5,-800,
135,20220915,92000,92900,93000,91500,1755820,161780125750,00,0.00,N,5,-1000,
136,20220914,93000,91700,93400,91300,2444928,225687228700,00,0.00,N,5,-1800,
137,20220913,94800,91700,95200,91700,3288428,307822983700,00,0.00,N,2,4400,
138,20220908,90400,90500,91000,90000,2012123,181857897400,00,0.00,N,3,0,
139,20220907,90400,91100,91100,89900,2053413,185294122800,00,0.00,N,5,-1400,
140,20220906,91800,91900,92900,91100,1389821,127635016700,00,0.00,N,2,700,
141,20220905,91100,91800,92400,90400,1706148,155580540800,00,0.00,N,5,-600,
142,20220902,91700,92700,93300,91600,2036818,187983351400,00,0.00,N,5,-700,
143,20220901,92400,93900,93900,92300,2337521,216798395700,00,0.00,N,5,-2800,
144,20220831,95200,92600,95500,92100,2421669,228286190480,00,0.00,N,2,2000,
145,20220830,93200,92700,93400,92400,1595242,148058566200,00,0.00,N,2,700,
146,20220829,92500,92700,93300,92000,2619260,241961435200,00,0.00,N,5,-2600,
147,20220826,95100,95400,96800,94700,2301949,219965058400,00,0.00,N,2,1000,
148,20220825,94100,93600,94100,92100,2189458,204612857400,00,0.00,N,2,900,
149,20220824,93200,93900,94200,93000,1447036,135255103300,00,0.00,N,5,-400,
150,20220823,93600,94100,95400,93600,1932822,182136272000,00,0.00,N,5,-1600,
151,20220822,95200,95200,95600,94000,2293601,217611164989,00,0.00,N,5,-1200,
152,20220819,96400,97000,97500,95900,1890839,183002249900,00,0.00,N,2,700,
153,20220818,95700,95900,96400,95300,1889587,180883903300,00,0.00,N,5,-1400,
154,20220817,97100,96800,97600,95900,1764674,170779402300,00,0.00,N,2,400,
155,20220816,96700,94500,97600,94400,4267280,411907055726,00,0.00,N,2,3400,
156,20220812,93300,92800,94400,92600,1910127,178991479200,00,0.00,N,3,0,
157,20220811,93300,93500,94400,92600,5206962,486250440600,00,0.00,N,2,1500,
158,20220810,91800,91800,93000,91800,4356568,401100880900,00,0.00,N,5,-3300,
159,20220809,95100,96000,96100,94500,3152955,299582643300,00,0.00,N,5,-1200,
160,20220808,96300,97700,97700,95800,3206548,308609577400,00,0.00,N,5,-2200,
161,20220805,98500,98100,98700,97400,2052852,201487221500,00,0.00,N,2,1000,
162,20220804,97500,98000,98100,97100,1960526,191399858800,00,0.00,N,3,0,
163,20220803,97500,96900,97500,96100,1703330,165151135000,00,0.00,N,2,1000,
164,20220802,96500,97200,97200,96200,1916851,185073501100,00,0.00,N,5,-600,
165,20220801,97100,97200,98100,96500,2007646,195150654462,00,0.00,N,5,-800,
166,20220729,97900,99900,100000,97400,3899079,382602153100,00,0.00,N,5,-1500,
167,20220728,99400,101000,101500,98900,3359717,335356694300,00,0.00,N,5,-600,
168,20220727,100000,101000,101500,98600,3159499,315123152800,00,0.00,N,5,-500,
169,20220726,100500,100500,101000,99100,1636970,164328558800,00,0.00,N,2,500,
170,20220725,100000,99100,101500,98900,2185108,219113615100,00,0.00,N,3,0,
171,20220722,100000,102500,102500,100000,3126556,315391441000,00,0.00,N,5,-2500,
172,20220721,102500,102000,103000,100500,2143984,218487709000,00,0.00,N,2,500,
173,20220720,102000,103000,104500,101000,3981053,406686893500,00,0.00,N,2,2000,
174,20220719,100000,100000,100500,98700,2709084,269911638800,00,0.00,N,5,-1000,
175,20220718,101000,101000,103500,100000,4564780,464011815400,00,0.00,N,2,2300,
176,20220715,98700,95900,99000,95500,4457208,434627155600,00,0.00,N,2,4700,
177,20220714,94000,92800,95500,92300,2550307,239956379900,00,0.00,N,3,0,
178,20220713,94000,94600,96400,93800,2721816,258620343000,00,0.00,N,2,700,
179,20220712,93300,94000,94000,91700,2385688,221641294600,00,0.00,N,5,-400,
180,20220711,93700,95000,95700,93500,1885425,178083167400,00,0.00,N,5,-1100,
181,20220708,94800,95900,96500,94500,2814478,269081541900,00,0.00,N,2,900,
182,20220707,93900,91300,95200,91300,3330794,313090153800,00,0.00,N,2,1800,
183,20220706,92100,92800,93600,90900,3981326,367383115600,00,0.00,N,5,-400,
184,20220705,92500,90400,93400,90400,3560085,328065708900,00,0.00,N,2,3400,
185,20220704,89100,87500,89600,86300,4331728,382388292200,00,0.00,N,2,1600,
186,20220701,87500,91000,92500,87100,4959176,440689971812,00,0.00,N,5,-3500,
187,20220630,91000,91500,93100,91000,3098854,284596262600,00,0.00,N,5,-3000,
188,20220629,94000,93300,94900,92900,2529973,237096895400,05,0.00,N,5,-1300,
189,20220628,95300,94500,95300,93700,2022966,191563545550,00,0.00,N,2,300,
190,20220627,95000,92700,96100,92600,3408749,322782387700,00,0.00,N,2,3400,
191,20220624,91600,90500,92000,90500,3045970,278278274300,00,0.00,N,2,1400,
192,20220623,90200,92100,93000,89700,3983116,362603763000,00,0.00,N,5,-2000,
193,20220622,92200,95700,95700,91700,3509830,326448858700,00,0.00,N,5,-3000,
194,20220621,95200,94700,95900,93900,2707302,256916587444,00,0.00,N,2,700,
195,20220620,94500,96700,96800,93100,2386222,224647331300,00,0.00,N,5,-1900,
196,20220617,96400,95100,96400,95000,3965464,379777056285,00,0.00,N,5,-1000,
197,20220616,97400,99900,101500,97100,3810703,379577327900,00,0.00,N,5,-500,
198,20220615,97900,98500,98900,96700,2578500,251800088000,00,0.00,N,5,-1200,
199,20220614,99100,96900,99600,96800,3242550,319154836100,00,0.00,N,2,100,
200,20220613,99000,100000,101000,99000,4133447,412791154508,00,0.00,N,5,-4500,
201,20220610,103500,104000,104500,102500,3480289,358674454500,00,0.00,N,5,-2000,
202,20220609,105500,105500,107000,104500,4640744,491231766000,00,0.00,N,5,-500,
203,20220608,106000,104500,107500,104500,3075530,326582976052,00,0.00,N,2,2000,
204,20220607,104000,105500,106000,103500,3174521,332407380500,00,0.00,N,5,-3000,
205,20220603,107000,108000,108500,107000,1638006,176160698000,00,0.00,N,3,0,
206,20220602,107000,106000,107500,106000,3097583,330342100540,00,0.00,N,5,-1000,
207,20220531,108000,106500,108000,105500,4024509,431706106000,00,0.00,N,2,1000,
208,20220530,107000,108000,108000,106000,2054526,219413029151,00,0.00,N,2,1000,
209,20220527,106000,105500,107000,105000,3686487,390822023500,00,0.00,N,2,3000,
210,20220526,103000,107500,108500,101500,8523001,893078934000,00,0.00,N,5,-5000,
211,20220525,108000,109500,110000,107000,4151560,449253686500,00,0.00,N,5,-500,
212,20220524,108500,111500,112000,108500,4491835,493006547000,00,0.00,N,5,-4500,
213,20220523,113000,113000,113500,111000,3160028,355053959000,00,0.00,N,2,500,
214,20220520,112500,111500,113000,111000,2398978,269003284000,00,0.00,N,2,1500,
215,20220519,111000,110500,112500,110000,3680049,409121264500,00,0.00,N,5,-2500,
216,20220518,113500,114000,115000,113000,3570113,407130704500,00,0.00,N,2,1000,
217,20220517,112500,111000,113000,110500,2056143,230228679500,00,0.00,N,2,2000,
218,20220516,110500,113500,114000,110000,3930044,437751618500,00,0.00,N,5,-2000,
219,20220513,112500,109000,112500,109000,4003349,446418243500,00,0.00,N,2,3500,
220,20220512,109000,109500,111500,108500,4132948,453649533500,00,0.00,N,5,-1500,
221,20220511,110500,110500,112500,108000,3658168,404954668500,00,0.00,N,2,500,
222,20220510,110000,107000,111000,107000,4141923,450008878000,00,0.00,N,2,2500,
223,20220509,107500,107000,109000,106500,2203472,237914727500,00,0.00,N,3,0,
224,20220506,107500,108000,108500,106500,2566813,276060648705,00,0.00,N,5,-2000,
225,20220504,109500,110500,111000,108500,2491890,272895368240,00,0.00,N,5,-500,
226,20220503,110000,111000,112000,109500,2676115,296292858500,00,0.00,N,5,-500,
227,20220502,110500,110000,111500,110000,2175384,240458517500,00,0.00,N,5,-2000,
228,20220429,112500,110000,112500,109500,3752415,418644000000,00,0.00,N,2,3000,
229,20220428,109500,109500,110000,108000,2804966,305740621500,00,0.00,N,2,1000,
230,20220427,108500,108000,109500,107500,3261290,352792663045,00,0.00,N,5,-2500,
231,20220426,111000,109500,111000,108000,2969516,325299479000,00,0.00,N,2,3000,
232,20220425,108000,109000,109500,108000,2282343,247214177500,00,0.00,N,5,-2500,
233,20220422,110500,110500,112000,110500,2360834,261795079000,00,0.00,N,5,-2500,
234,20220421,113000,112500,115000,112500,3199858,364498039000,00,0.00,N,2,500,
235,20220420,112500,112500,113000,111000,2905007,325207220500,00,0.00,N,3,0,
236,20220419,112500,110000,112500,109500,3021192,337878469500,00,0.00,N,2,3500,
237,20220418,109000,107000,109500,106500,2670439,289567673000,00,0.00,N,2,1000,
238,20220415,108000,108000,108500,107000,3694012,397259250000,00,0.00,N,5,-2000,
239,20220414,110000,113000,113000,110000,4715700,522072911000,00,0.00,N,5,-3000,
240,20220413,113000,112000,113000,111000,2484490,278810904000,00,0.00,N,2,2000,
241,20220412,111000,110500,113000,110500,2738163,305373585500,00,0.00,N,5,-500,
242,20220411,111500,111000,113000,110500,2390786,266927086000,00,0.00,N,5,-500,
243,20220408,112000,113000,114000,110500,4268316,478158280000,00,0.00,N,5,-1500,
244,20220407,113500,111500,114500,110500,5027865,564777583500,00,0.00,N,2,500,
245,20220406,113000,114500,115500,113000,4541938,515844891500,00,0.00,N,5,-3500,
246,20220405,116500,117500,118000,116000,2101474,245221124000,00,0.00,N,5,-500,
247,20220404,117000,115000,117500,114500,2470792,286487173000,00,0.00,N,2,1000,
248,20220401,116000,117000,117500,116000,3851558,448384562000,00,0.00,N,5,-2000,
249,20220331,118000,119500,120000,117500,4558063,541078296000,00,0.00,N,5,-3000,
250,20220330,121000,123000,123000,120500,3436282,418424383000,00,0.00,N,2,1000,
251,20220329,120000,119500,120500,118500,3375247,403039899000,00,0.00,N,2,2000,
252,20220328,118000,117500,119500,116500,3234792,382155919000,00,0.00,N,3,0,
253,20220325,118000,122000,123000,118000,5514940,657415420500,00,0.00,N,5,-2500,
254,20220324,120500,121000,122000,119500,4215272,507615750500,00,0.00,N,5,-3000,
255,20220323,123500,124000,124500,122000,4085633,502102130435,00,0.00,N,3,0,
256,20220322,123500,121000,124000,121000,2246439,275489017000,00,0.00,N,2,1500,
257,20220321,122000,124000,124500,121000,3433809,419325638500,00,0.00,N,5,-2000,
258,20220318,124000,124000,125000,121000,4493159,552672916000,00,0.00,N,3,0,
259,20220317,124000,121000,124500,121000,7219813,886591077500,00,0.00,N,2,7500,
260,20220316,116500,115000,117000,114000,3739977,431645677000,00,0.00,N,2,4000,
261,20220315,112500,114500,115500,112000,3578256,404689423000,00,0.00,N,5,-3500,
262,20220314,116000,115500,117000,114500,3172353,366557933000,00,0.00,N,5,-1000,
263,20220311,117000,118500,119000,115500,3087532,360482875000,00,0.00,N,5,-3000,
264,20220310,120000,121000,121500,118500,3912683,470385190000,00,0.00,N,2,2000,
265,20220308,118000,117000,119500,116500,3619045,427717571500,00,0.00,N,5,-1500,
266,20220307,119500,119000,121000,119000,5203286,623418762500,00,0.00,N,5,-5000,
267,20220304,124500,127500,128000,124000,3249773,406303906500,00,0.00,N,5,-4500,
268,20220303,129000,128000,129500,127000,3088097,396561962000,00,0.00,N,2,4000,
269,20220302,125000,124500,126500,123000,2903340,361484132000,00,0.00,N,2,1500,
270,20220228,123500,123000,123500,121000,3224264,395526449500,00,0.00,N,2,500,
271,20220225,123000,125500,126000,122500,3309625,410516337000,00,0.00,N,2,500,
272,20220224,122500,125500,126000,122000,5748069,709502116804,00,0.00,N,5,-6000,
273,20220223,128500,130000,130500,127000,2752112,353756696750,00,0.00,N,3,0,
274,20220222,128500,127000,129500,126000,3179806,405764197000,00,0.00,N,5,-1500,
275,20220221,130000,129000,130500,127000,4048108,521940432500,00,0.00,N,5,-1500,
276,20220218,131500,131500,133000,129500,3108887,407714952500,00,0.00,N,5,-1500,
277,20220217,133000,130500,134000,130000,5433402,719950695198,00,0.00,N,2,2500,
278,20220216,130500,131000,132500,130000,3499809,459242437500,00,0.00,N,2,3500,
279,20220215,127000,131500,132000,127000,5097120,656447949000,00,0.00,N,5,-5500,
280,20220214,132500,130000,132500,129500,4962205,652422384500,00,0.00,N,2,500,
281,20220211,132000,130500,132500,130000,6057207,795970823637,00,0.00,N,2,2500,
282,20220210,129500,129000,131000,127000,7269729,939935633500,00,0.00,N,2,3500,
283,20220209,126000,127000,128000,124500,4339337,548846549000,00,0.00,N,2,1000,
284,20220208,125000,124500,126000,123500,4054097,506437193000,00,0.00,N,2,2000,
285,20220207,123000,123000,123500,119500,4804261,583282342500,00,0.00,N,5,-1500,
286,20220204,124500,125500,127000,124000,3037097,379979452500,00,0.00,N,2,500,
287,20220203,124000,124500,127000,124000,5171178,647974457000,00,0.00,N,2,3500,
288,20220128,120500,115000,121500,114500,4776510,568486717500,00,0.00,N,2,7000,
289,20220127,113500,119500,119500,111000,6679404,761226879000,00,0.00,N,5,-4000,
290,20220126,117500,119000,119500,117500,3416240,404643108500,00,0.00,N,5,-500,
291,20220125,118000,118000,120000,116500,5702595,672613722109,00,0.00,N,5,-1000,
292,20220124,119000,116500,120500,116500,4883822,577393696500,00,0.00,N,3,0,
293,20220121,119000,121500,122500,118000,6465040,774548223500,00,0.00,N,5,-6000,
294,20220120,125000,126000,126500,123500,5441986,677312323500,00,0.00,N,5,-2000,
295,20220119,127000,123500,128500,123500,4094609,517204557500,00,0.00,N,2,500,
296,20220118,126500,126500,127500,125000,3607850,455389993500,00,0.00,N,5,-500,
297,20220117,127000,127500,128000,124500,3730393,470158740000,00,0.00,N,5,-1500,
298,20220114,128500,128500,129000,126000,3769648,479418370000,00,0.00,N,5,-1000,
299,20220113,129500,128500,130000,128000,4155984,536433810500,00,0.00,N,2,1000,
300,20220112,128500,129500,130000,126500,3552174,455036905500,00,0.00,N,2,500,
301,20220111,128000,125500,128500,124500,3958787,502323396739,00,0.00,N,2,3500,
302,20220110,124500,126500,127000,123000,3449197,428295041000,00,0.00,N,5,-2500,
303,20220107,127000,127000,129000,126500,3270119,417803212500,00,0.00,N,2,2000,
304,20220106,125000,123500,127000,123000,3725569,466796608500,00,0.00,N,5,-500,
305,20220105,125500,129000,129000,121500,7414954,921467697500,00,0.00,N,5,-3000,
306,20220104,128500,129500,130000,127500,3622369,466570764500,00,0.00,N,3,0,
307,20220103,128500,132000,132500,128000,3782213,490940041000,00,0.00,N,5,-2500,
308,20211230,131000,131000,133500,130000,5172987,679015510000,00,0.00,N,2,4000,
309,20211229,127000,127500,128500,125500,3832154,486662008000,02,0.00,N,5,-500,
310,20211228,127500,126500,128000,124500,4086063,514250426500,00,0.00,N,2,1500,
311,20211227,126000,128500,129000,126000,2684135,341063850000,00,0.00,N,5,-2000,
312,20211224,128000,129000,130000,128000,2462683,317105459500,00,0.00,N,2,500,
313,20211223,127500,129000,129000,126500,2398358,305473862500,00,0.00,N,2,500,
314,20211222,127000,127500,128500,126000,3817689,485765542000,00,0.00,N,2,2500,
315,20211221,124500,124000,124500,122500,3678590,456218755750,00,0.00,N,2,4000,
316,20211220,120500,121500,123500,120500,2846815,346125412636,00,0.00,N,5,-1500,
317,20211217,122000,120500,123000,120500,3850444,468341839000,00,0.00,N,5,-2000,
318,20211216,124000,125000,125500,122500,3869086,479279591000,00,0.00,N,2,500,
319,20211215,123500,120000,123500,120000,2681332,327764280000,00,0.00,N,2,2500,
320,20211214,121000,120500,123000,120000,2201003,266372613500,00,0.00,N,5,-500,
321,20211213,121500,121000,124000,121000,3329176,408531347500,00,0.00,N,2,1000,
322,20211210,120500,120500,121500,119500,2512642,302355110093,00,0.00,N,5,-3000,
323,20211209,123500,120500,123500,119000,5631833,689409143200,00,0.00,N,2,3500,
324,20211208,120000,124000,125000,119500,6168137,752879680500,00,0.00,N,5,-1500,
325,20211207,121500,119000,122500,118000,5112025,617725173500,00,0.00,N,2,3000,
326,20211206,118500,116000,119000,115500,4318893,507851262000,00,0.00,N,2,500,
327,20211203,118000,119000,119500,115500,4567843,537427299761,00,0.00,N,5,-2000,
328,20211202,120000,115500,120500,115000,6980518,831750593692,00,0.00,N,2,3500,
329,20211201,116500,114500,117500,112000,4214135,484482748500,00,0.00,N,2,2500,
330,20211130,114000,118000,119000,112500,7449608,861327494786,00,0.00,N,5,-2000,
331,20211129,116000,113000,118500,113000,4412863,514357620020,00,0.00,N,2,500,
332,20211126,115500,116500,118500,113000,4337936,502130486360,00,0.00,N,5,-2000,
333,20211125,117500,120500,121000,117000,3339835,395199192000,00,0.00,N,5,-2000,
334,20211124,119500,120500,122500,118000,4001111,479194804000,00,0.00,N,2,500,
335,20211123,119000,119500,121000,117500,4847270,578483844000,00,0.00,N,5,-500,
336,20211122,119500,116500,121000,116000,9786492,1166463215825,00,0.00,N,2,8000,
337,20211119,111500,110000,112500,110000,2324668,258662968500,00,0.00,N,2,1500,
338,20211118,110000,110000,111000,109000,1928891,212341653500,00,0.00,N,5,-500,
339,20211117,110500,113000,113000,110000,3062491,338946492000,00,0.00,N,5,-1500,
340,20211116,112000,111000,113000,109000,3767311,420122536000,00,0.00,N,2,1000,
341,20211115,111000,108500,111500,108000,4701568,520375013000,00,0.00,N,2,4500,
342,20211112,106500,109000,109500,105500,1786165,191349195500,00,0.00,N,5,-1000,
343,20211111,107500,107500,108000,105500,2731498,292597172000,00,0.00,N,5,-1000,
344,20211110,108500,108500,109500,107500,2361295,256342441500,00,0.00,N,5,-500,
345,20211109,109000,108000,110000,107500,3440686,373692083000,00,0.00,N,2,1500,
346,20211108,107500,107000,108000,104000,2212348,234661886288,00,0.00,N,2,500,
347,20211105,107000,108000,108500,105500,2523345,270381389476,00,0.00,N,2,1000,
348,20211104,106000,107000,108000,105500,2059242,220087063000,00,0.00,N,2,500,
349,20211103,105500,108500,109000,104500,3116506,332050857750,00,0.00,N,5,-2000,
350,20211102,107500,107000,108500,106500,2892292,311461835500,00,0.00,N,2,1000,
351,20211101,106500,103500,107000,102500,3118661,329822915500,00,0.00,N,2,3500,
352,20211029,103000,107000,108500,103000,4007223,419885767028,00,0.00,N,5,-3500,
353,20211028,106500,102000,107500,101500,6329703,669797071750,00,0.00,N,2,5000,
354,20211027,101500,103000,104000,101500,2859255,293196594000,00,0.00,N,5,-500,
355,20211026,102000,101500,103500,101000,3458645,354502370500,00,0.00,N,2,2000,
356,20211025,100000,99500,101500,98300,2950459,296226789100,00,0.00,N,2,1500,
357,20211022,98500,95500,99200,95500,1962833,192029886100,00,0.00,N,2,2200,
358,20211021,96300,97300,98300,96100,2152221,209285344950,00,0.00,N,5,-1600,
359,20211020,97900,98200,98600,97200,2010529,197390236450,00,0.00,N,2,200,
360,20211019,97700,98600,98600,97100,1400175,136864553900,00,0.00,N,2,600,
361,20211018,97100,98300,98300,96700,2111399,205541402600,00,0.00,N,5,-1300,
362,20211015,98400,96000,98500,95700,4229748,410989595150,00,0.00,N,2,4600,
363,20211014,93800,92400,94500,92100,2414639,225994882500,00,0.00,N,2,1800,
364,20211013,92000,90900,93500,90500,3045438,281114919200,00,0.00,N,2,500,
365,20211012,91500,92400,92900,90800,4728215,434375175502,00,0.00,N,5,-2500,
366,20211008,94000,96200,96300,93500,4098832,386100145500,00,0.00,N,5,-1700,
367,20211007,95700,96300,96800,95000,3834957,367445240600,00,0.00,N,5,-800,
368,20211006,96500,98400,98700,95800,2816951,272987613500,00,0.00,N,5,-1400,
369,20211005,97900,98900,99500,97200,3244145,317776292500,00,0.00,N,5,-2100,
370,20211001,100000,102000,102500,100000,2681124,270093983500,00,0.00,N,5,-3000,
371,20210930,103000,99900,103500,99600,3910557,398749751000,00,0.00,N,2,3000,
372,20210929,100000,101000,102000,99700,6353977,637439976900,00,0.00,N,5,-3500,
373,20210928,103500,105000,105500,103000,2951945,306328082384,00,0.00,N,5,-1000,
374,20210927,104500,104000,105500,103500,1839358,192456989015,00,0.00,N,2,500,
375,20210924,104000,106000,106500,104000,2236954,234364730900,00,0.00,N,5,-1500,
376,20210923,105500,105500,107000,105000,2493313,264307905000,00,0.00,N,5,-1500,
377,20210917,107000,104500,107500,104000,3386517,359100724676,00,0.00,N,2,3000,
378,20210916,104000,107000,107500,104000,3602821,377545296500,00,0.00,N,5,-3500,
379,20210915,107500,107500,107500,105500,2933797,313065621522,00,0.00,N,3,0,
380,20210914,107500,107500,108500,106500,2463248,265228954000,00,0.00,N,2,1000,
381,20210913,106500,105000,107000,104000,1923344,203945798000,00,0.00,N,2,1500,
382,20210910,105000,103500,105500,103000,1999369,208765953000,00,0.00,N,2,2000,
383,20210909,103000,105000,106000,103000,3233011,335548149250,00,0.00,N,5,-3000,
384,20210908,106000,104000,107500,103500,2891267,306049902100,00,0.00,N,2,1500,
385,20210907,104500,105500,106000,104000,2547667,266814694452,00,0.00,N,5,-1500,
386,20210906,106000,106500,107000,105000,1888595,200100469000,00,0.00,N,5,-1000,
387,20210903,107000,106500,107500,106000,2513486,268190741250,00,0.00,N,2,500,
388,20210902,106500,108000,108500,106000,2724565,291366944000,00,0.00,N,5,-1500,
389,20210901,108000,106000,108000,104500,4736183,504301592000,00,0.00,N,2,1500,
390,20210831,106500,103500,106500,102000,4979276,520811866500,00,0.00,N,2,3000,
391,20210830,103500,105000,105500,103500,1815758,188840484000,00,0.00,N,3,0,
392,20210827,103500,103500,104500,101000,3507782,360580367000,00,0.00,N,5,-500,
393,20210826,104000,106000,106500,103500,3694741,387620188000,00,0.00,N,2,500,
394,20210825,103500,106000,106000,102500,3194555,331965325500,00,0.00,N,5,-1500,
395,20210824,105000,104500,105500,104000,4454743,467564469000,00,0.00,N,2,2000,
396,20210823,103000,104500,105000,103000,4515699,470160531000,00,0.00,N,2,500,
397,20210820,102500,104000,104500,102000,4719139,485591369000,00,0.00,N,3,0,
398,20210819,102500,103000,105500,101500,6161038,635489333500,00,0.00,N,5,-1500,
399,20210818,104000,103000,105500,101500,8047599,833497118168,00,0.00,N,2,2500,
400,20210817,101500,101000,103500,100500,7851717,799844118050,00,0.00,N,3,0,
401,20210813,101500,99600,101500,98900,11622957,1163592210610,00,0.00,N,2,1000,
402,20210812,100500,102000,104000,99800,19150648,1936648003175,00,0.00,N,5,-5000,
403,20210811,105500,109000,110000,105000,13715267,1465523476250,00,0.00,N,5,-7000,
404,20210810,112500,115000,115500,112000,5420223,611419233000,00,0.00,N,5,-3500,
405,20210809,116000,117500,118000,116000,2755724,321254510500,00,0.00,N,5,-2000,
406,20210806,118000,119000,119500,117500,2209875,261328264000,00,0.00,N,5,-2000,
407,20210805,120000,121000,121500,118000,3491584,417741836000,00,0.00,N,5,-1000,
408,20210804,121000,122000,123000,120500,4162635,506426204500,00,0.00,N,2,1000,
409,20210803,120000,118000,120500,117000,4396423,525012153500,00,0.00,N,2,4000,
410,20210802,116000,113500,117000,113000,4276730,492894553500,00,0.00,N,2,3500,
411,20210730,112500,114000,114000,112500,2888566,326825146865,00,0.00,N,5,-1500,
412,20210729,114000,115000,115500,113000,3054699,348087662000,00,0.00,N,3,0,
413,20210728,114000,115000,115500,112500,6033084,686796711695,00,0.00,N,5,-2000,
414,20210727,116000,118000,119000,116000,2916330,341652828000,00,0.00,N,5,-1000,
415,20210726,117000,119500,120000,117000,1836657,216665648500,00,0.00,N,5,-1500,
416,20210723,118500,118500,119000,117500,1747651,206437390500,00,0.00,N,5,-1000,
417,20210722,119500,118000,120000,118000,1919233,229044298500,00,0.00,N,2,2500,
418,20210721,117000,119500,120000,116500,2864601,336751082000,00,0.00,N,5,-1500,
419,20210720,118500,117500,119500,117500,2070074,245208899000,00,0.00,N,5,-500,
420,20210719,119000,119000,120000,118500,2066638,246069384100,00,0.00,N,5,-2500,
421,20210716,121500,122000,122500,120500,2905546,352105296000,00,0.00,N,5,-2000,
422,20210715,123500,123500,124000,122500,1500981,185185753500,00,0.00,N,3,0,
423,20210714,123500,122500,124000,121500,2443087,300251945500,00,0.00,N,2,500,
424,20210713,123000,121000,123500,121000,2879072,353148544500,00,0.00,N,2,3000,
425,20210712,120000,121000,122000,119500,2477201,298968546740,00,0.00,N,2,500,
426,20210709,119500,120500,120500,118000,4823577,572864270909,00,0.00,N,5,-2000,
427,20210708,121500,123500,123500,121000,3165552,385948367500,00,0.00,N,5,-2000,
428,20210707,123500,125000,125500,122500,2229140,275048469500,00,0.00,N,5,-1500,
429,20210706,125000,124000,126000,123500,2067135,258715481000,00,0.00,N,2,2000,
430,20210705,123000,123500,124500,122500,1632551,201788320500,00,0.00,N,2,500,
431,20210702,122500,122500,123500,121500,3983921,488166299825,00,0.00,N,5,-2000,
432,20210701,124500,127500,128000,124000,3336174,417469163256,00,0.00,N,5,-3000,
433,20210630,127500,126500,129500,126000,4346027,557285330300,00,0.00,N,2,2500,
434,20210629,125000,127500,128000,125000,2211572,278678507000,00,0.00,N,5,-1000,
435,20210628,126000,129000,129500,126000,2402730,305054504500,00,0.00,N,5,-2500,
436,20210625,128500,128000,129000,127500,2531018,324807842500,00,0.00,N,2,2500,
437,20210624,126000,124000,126500,123500,2646407,332400564000,00,0.00,N,2,2000,
438,20210623,124000,122500,124500,122000,2703658,333503792000,00,0.00,N,2,2000,
439,20210622,122000,122500,123500,122000,2179712,266501577312,00,0.00,N,3,0,
440,20210621,122000,121000,123000,120500,3275288,398859617500,00,0.00,N,5,-2500,
441,20210618,124500,127500,127500,124500,2506112,314308082000,00,0.00,N,5,-2000,
442,20210617,126500,127000,128000,126000,2123793,268807728000,00,0.00,N,5,-3000,
443,20210616,129500,128000,129500,127000,1893752,243901543046,00,0.00,N,2,1000,
444,20210615,128500,128500,129500,128000,1975082,254015860000,00,0.00,N,2,1500,
445,20210614,127000,127000,127500,125500,2022730,256163790000,00,0.00,N,5,-1000,
446,20210611,128000,124500,128500,124000,4868608,616364167677,00,0.00,N,2,5000,
447,20210610,123000,122500,124000,120500,4533076,555657709500,00,0.00,N,2,500,
448,20210609,122500,125500,126000,122500,6087592,753815327750,00,0.00,N,5,-5000,
449,20210608,127500,127000,127500,125000,4194955,530430765200,00,0.00,N,5,-1000,
450,20210607,128500,129500,130000,128000,2562918,330495929500,00,0.00,N,3,0,
451,20210604,128500,127500,129000,126500,2555891,326224466000,00,0.00,N,5,-500,
452,20210603,129000,127000,130000,126500,3353993,431738907500,00,0.00,N,2,3000,
453,20210602,126000,128500,129000,125500,2885654,366063591000,00,0.00,N,5,-2500,
454,20210601,128500,127000,129000,126000,2819179,361144242000,00,0.00,N,2,1500,
455,20210531,127000,126000,127000,124000,2448074,307757152500,00,0.00,N,2,2000,
456,20210528,125000,126500,126500,124000,2332971,292477328500,00,0.00,N,5,-500,
457,20210527,125500,124500,126000,123000,4539067,565959868106,00,0.00,N,2,2500,
458,20210526,123000,124000,124500,122000,3015522,371449108512,00,0.00,N,3,0,
459,20210525,123000,121500,123000,120500,3258364,397750334250,00,0.00,N,2,3500,
460,20210524,119500,122000,122500,119000,3188734,382902166000,00,0.00,N,5,-3000,
461,20210521,122500,124500,125500,121000,4062695,500739197500,00,0.00,N,3,0,
462,20210520,122500,121000,124000,119500,4600751,562459757000,00,0.00,N,2,1500,
463,20210518,121000,117500,122000,117500,3470048,418341013500,00,0.00,N,2,3500,
464,20210517,117500,120000,120000,117000,3110127,367395250748,00,0.00,N,5,-1000,
465,20210514,118500,118500,120000,118000,3227201,383650636500,00,0.00,N,2,1000,
466,20210513,117500,116000,118500,115500,6042025,707490660500,00,0.00,N,5,-2000,
467,20210512,119500,123000,123500,119000,8272196,998375160153,00,0.00,N,5,-3500,
468,20210511,123000,127000,127500,122000,9882491,1225765601800,00,0.00,N,5,-7000,
469,20210510,130000,131000,131000,128500,3067077,398135275000,00,0.00,N,2,500,
470,20210507,129500,128000,131000,127000,3450323,445020959500,00,0.00,N,2,500,
471,20210506,129000,130000,130500,128000,4211535,543180636500,00,0.00,N,5,-3000,
472,20210504,132000,130500,132000,129000,2547004,333537768352,00,0.00,N,2,500,
473,20210503,131500,127500,132500,127000,4085398,534203731108,00,0.00,N,2,3500,
474,20210430,128000,130000,130500,126500,3955947,506549397500,00,0.00,N,5,-2000,
475,20210429,130000,132000,133000,129000,3738266,487221837000,00,0.00,N,3,0,
476,20210428,130000,134500,135000,130000,5596760,734187787360,00,0.00,N,5,-5000,
477,20210427,135000,133000,136000,132500,3394650,455614278000,00,0.00,N,2,3500,
478,20210426,131500,132500,132500,130500,2904879,381267205572,00,0.00,N,5,-1000,
479,20210423,132500,130500,132500,128500,4854412,633954956100,00,0.00,N,5,-500,
480,20210422,133000,134500,135500,133000,3007457,402386612000,00,0.00,N,2,500,
481,20210421,132500,138000,138000,132000,5120577,689155249952,00,0.00,N,5,-6000,
482,20210420,138500,136500,138500,136500,2167732,297980160500,00,0.00,N,2,500,
483,20210419,138000,138000,139000,137000,1906782,263337076500,00,0.00,N,2,500,
484,20210416,137500,138500,139000,137500,1982877,273899499636,00,0.00,N,3,0,
485,20210415,137500,136000,139000,136000,2291160,315231075500,00,0.00,N,2,500,
486,20210414,137000,139000,139000,136500,2777203,381902748000,00,0.00,N,5,-2500,
487,20210413,139500,136000,140000,135500,2876178,398264674500,00,0.00,N,2,2000,
488,20210412,137500,140500,140500,136000,3878457,534353588500,00,0.00,N,5,-2500,
489,20210409,140000,144000,145000,139500,3276077,464472291000,00,0.00,N,5,-4000,
490,20210408,144000,143500,146000,142500,3774932,543862222000,00,0.00,N,2,500,
491,20210407,143500,146000,146000,142500,2424687,348944024000,00,0.00,N,2,500,
492,20210406,143000,147000,147000,141500,3753217,540574718000,00,0.00,N,3,0,
493,20210405,143000,142000,144500,141000,2616440,373549552500,00,0.00,N,2,2000,
494,20210402,141000,142000,143000,140000,3432245,485467791000,00,0.00,N,2,500,
495,20210401,140500,138000,140500,136500,5833436,807748318500,00,0.00,N,2,8000,
496,20210331,132500,134500,135000,132000,3309680,441276843000,00,0.00,N,5,-2000,
497,20210330,134500,133000,135500,132000,3304184,443218978500,00,0.00,N,2,2500,
498,20210329,132000,135500,135500,131500,3575226,476795085000,00,0.00,N,5,-3000,
499,20210326,135000,134000,135000,132000,3835443,513429099500,00,0.00,N,2,2000,
500,20210325,133000,133000,134500,130500,4157799,550754976000,00,0.00,N,5,-500,
501,20210324,133500,133000,134500,131500,3894080,517991222000,00,0.00,N,5,-1500,
502,20210323,135000,139000,139500,134000,3839090,523290811000,00,0.00,N,5,-3000,
503,20210322,138000,138500,140000,137000,2727719,377822972114,00,0.00,N,3,0,
504,20210319,138000,138000,139500,137000,4015627,555490290001,00,0.00,N,5,-4000,
505,20210318,142000,142500,145000,141000,4426840,634074763962,00,0.00,N,2,2000,
506,20210317,140000,141000,141000,138500,2588319,361508821193,00,0.00,N,5,-500,
507,20210316,140500,138500,140500,138000,3304561,461097954500,00,0.00,N,2,4000,
508,20210315,136500,141500,142000,136000,4289990,594535565128,00,0.00,N,5,-3500,
509,20210312,140000,140500,142500,139500,4548695,640529865500,00,0.00,N,2,3000,
510,20210311,137000,134500,139000,134000,6707671,918735821750,00,0.00,N,2,4000,
511,20210310,133000,140500,140500,132500,5614476,763400710000,00,0.00,N,5,-3500,
512,20210309,136500,134000,137500,130500,7822152,1043442973500,00,0.00,N,2,1000,
513,20210308,135500,143000,143000,135500,5587787,775259164000,00,0.00,N,5,-4500,
514,20210305,140000,138000,141500,136500,6091444,844271259500,00,0.00,N,5,-2000,
515,20210304,142000,143000,145500,139500,6586562,938397280000,00,0.00,N,5,-5000,
516,20210303,147000,142500,147000,139500,5827221,839569020500,00,0.00,N,2,2500,
517,20210302,144500,149000,150500,141000,9376523,1365279622000,00,0.00,N,2,3000,
